cluster_id,top_keywords,earliest_date,latest_date,article_count
10755,"court, architect, nkandla, case, jacob zuma, zondo, ramaphosa, trial",2021-09-27,2021-10-02,16
9477,"mamokgethi phakeng, lgbtqi community, uct, vicechancellor, apologises, lgbtqi, community, online",2021-09-11,2021-09-11,1
8722,"bruise, haffejee, neck, points, homicide, suicide, forensic, pathologist",2021-09-02,2021-09-04,3
9237,"fire, north west, hotel, mmabatho, palms, goes, hospital, watch",2021-09-08,2021-09-09,5
10268,"prince charles, scandal, seedy, deals, embroiling, foundation",2021-09-21,2021-09-21,2
10271,"amnesty, pietermaritzburg, business, organisation, slams, city, offer, beleaguered",2021-09-21,2021-09-24,5
8484,"page, 10year, plan, city, new, priority, cape town, litter",2021-08-31,2021-08-31,5
9508,"coffin, found, golf, course, pond, contains, man, buried",2021-09-12,2021-09-12,1
10022,"video, shows, nyc, restaurant, diners, attacking, hostess, asked",2021-09-17,2021-09-17,1
10282,"evergrande, rates, sa reserve bank, inflation, unchanged, fed, rand, probably",2021-09-21,2021-09-24,12
9517,"level 2, liquor, stores, open, fridays, better, extra, hour",2021-09-12,2021-09-12,2
10799,"prince william, new, kate, kate middleton, emma raducanu, game, set, match",2021-09-27,2021-10-01,6
562,"eskom, power, sa, new, energy, powerships, load shedding, karpowership",2021-03-05,2021-08-29,144
8500,"letters, mufc, msunduzi, aboutturn, councillors, decision, lack, accountability",2021-08-31,2021-09-03,8
10810,"south sudan, oil, sudan, south africa, billion, push, south, explainer",2021-09-27,2021-09-30,3
11073,"ford ranger fx4, watch, guy, understand, sa, love",2021-09-30,2021-09-30,1
10050,"flying, poop, netflix, ex, education, actually, mix, chocolate",2021-09-18,2021-09-18,1
9541,"wallabies, springboks, boks, bok, coach, blacks, nienaber, pollard",2021-09-13,2021-09-19,38
10821,"r kelly, sex, found, guilty, crimes, sex trafficking, racketeering, trafficking",2021-09-27,2021-09-28,3
10054,"look, couple, converted, bendy, bus, family, home, toddler",2021-09-18,2021-09-18,1
10823,"dutch, pm, targeted, kidnapping, drug, gangs, according",2021-09-27,2021-09-27,1
329,"fraud, court, arrested, case, alleged, hawks, corruption, bail",2021-03-03,2021-08-27,207
8526,"pics, black, mamba, rescued, thatched, roof, kzn, game",2021-08-31,2021-09-04,2
9551,"kzn, routes, taxi, killed, horror, crash, concern, people",2021-09-13,2021-09-17,6
9821,"trump, china, book, dubious, sanity, us, general, secretly",2021-09-15,2021-09-18,3
9570,"arc, de, triomphe, paris, art, installation, wrapping, begins",2021-09-13,2021-09-15,2
9830,"kruger national park, small businesses, tourism industry, procure, boost, tourism, industry, sanparks",2021-09-15,2021-09-17,2
8808,"mapiti matsena, man, sentenced, years, jail, stabbing, gauteng, anc",2021-09-03,2021-09-03,1
9579,"climate change, africa, new, report, un, cyril ramaphosa, south africa, brics",2021-09-13,2021-09-17,10
10609,"sa money report, red list, podcast, measuring, effects, uk, baffling, decision",2021-09-24,2021-09-24,1
9842,"virus, bats, ebola, people, infected, year, coronaviruses, carried",2021-09-15,2021-09-19,4
9589,"level 2, lockdown, sa, smaller, shows, covid19, curfew, starts",2021-09-13,2021-09-17,10
8573,"china, apple, scan, facebook, plans, stop, showing, political",2021-08-31,2021-09-04,7
9343,"master kg, details, horrific, flight, engine, exploded, minute, thought",2021-09-09,2021-09-09,1
10113,"opinion, siya, khumalo, insurance, plan, countries, fail, protect",2021-09-20,2021-09-21,7
6274,"claims, insurers, insurance, sasria, covid19, riot, expected, unrestsa",2021-07-06,2021-08-28,30
10123,"zuma, medical, downer, records, court, legal, law, constitutional",2021-09-20,2021-09-25,20
10380,"daily lotto, powerball, plus, lotto, results, jackpot, winning, numbers",2021-09-21,2021-09-27,9
9613,"alleged, arrested, case, bail, application, court, kzn, seizes",2021-09-13,2021-09-18,13
10639,"elections 2021, watch, launches, manifesto, ahead, da, live, eff",2021-09-25,2021-09-26,2
9621,"life esidimeni, moving, patients, ddg, dept, foreseen, deaths, grilled",2021-09-13,2021-09-15,3
9110,"fbi, france, attacks, accuses, somalia, pm, president, newly",2021-09-07,2021-09-12,12
10653,"councillors, failed, people",2021-09-25,2021-09-25,1
10917,"sexual abuse, negligence, staff, blame, drc, report, finds, heartbroken",2021-09-28,2021-09-28,2
10409,"criminal, financial, intelligence, centre, recovers, billion, deals, proceeds",2021-09-22,2021-09-22,2
8875,"tokyo paralympics, cops, working, sent, home, got, drunk, visited",2021-09-04,2021-09-04,1
9649,"child maintenance, justice department, child, maintenance, government, taking, away, dignity",2021-09-13,2021-09-17,3
10678,"covid19, researchers, pill, virus, new, masks, way, vaccines",2021-09-27,2021-10-02,17
9402,"south africans, farm, us, hired, white, sued, black, locals",2021-09-10,2021-09-10,1
9916,"judge, mnguni, buried, fears, zuma, loyalists, desecrate, grave",2021-09-16,2021-09-17,3
9405,"anc, russia, love, company, owned, putin, billionaire, oligarch",2021-09-10,2021-09-11,3
10175,"cape town, rangers, monitor, nests, chicks, swarm, bees, killed",2021-09-20,2021-09-20,1
10696,"covid19, new, western cape, third wave, wave, records, sa, infections",2021-09-27,2021-10-01,10
1745,"zondo commission, conflict, guptafunded, overseas, trips, exdenel, chair",2021-03-29,2021-03-29,1
10706,"court, sentenced, fraud, clerks, road accident fund, stealing, clients, years",2021-09-27,2021-10-01,13
8920,"covid19, vaccination, patients, study, sa, alcohol, opinion, vaccine",2021-09-06,2021-09-11,54
8924,"zuma, parole, medical, da, board, arthur fraser, questions, experts",2021-09-06,2021-09-11,34
9706,"iec, wants, bottles, hand, sanitiser, million, masks, covidfree",2021-09-14,2021-09-14,1
10480,"uct, senate, favour, policy, mandatory, vast, majority, vote",2021-09-22,2021-09-23,2
10482,"afrikaans, reinstated, medium, teaching, learning, unisa, afriforum, concourt",2021-09-22,2021-09-22,1
10486,"serial killer, uk, yorkshire, ripper, died, covid, inquest",2021-09-22,2021-09-22,1
10746,"free state, watch, modern, medicine, scars, smiles, man, gets",2021-09-27,2021-09-27,1
8955,"cyril ramaphosa, civil servants, civil, servants, sa, turning, covid19, pandemic",2021-09-06,2021-09-06,2
8957,"bitcoin, el salvador, crypto, plans, official, currency, rocky, twitter",2021-09-06,2021-09-10,7
8704,"section 25, state, custodianship, remains, amendment, bill, adopted, friday",2021-09-02,2021-09-03,2
10498,"public servants, dupe, sassa, r200m, grants, month",2021-09-23,2021-09-23,1
10754,"love, leave, sex, dear, white, people, like, relationship advice",2021-09-27,2021-10-03,50
10499,"toe, khehla sitole, pick, battles, mcbride, goes, cop",2021-09-23,2021-09-23,1
9225,"britney spears, father, files, end, conservatorship",2021-09-08,2021-09-08,1
8977,"curry, pudding, green, bean, salad, recipe, chicken, snoek",2021-09-06,2021-09-22,34
8728,"award, sa, cycling, tool",2021-09-02,2021-09-02,1
9500,"drone attack, armed, arbil, airport, iraq",2021-09-12,2021-09-12,1
9759,"watch, round, hots, malaysian, bar, makes, covid19, cocktails",2021-09-14,2021-09-14,1
9265,"free, capenature, reserves, heritage day, access, ahead, entry",2021-09-08,2021-09-09,2
10551,"boris johnson, criticised, rehiring, minister, repeatedly, broke, ministerial, code",2021-09-23,2021-09-23,1
10813,"cradock four, families, court, answers, killers, prosecuted",2021-09-27,2021-09-27,1
9280,"free, bafana, tickets, fans, soweto derby, music festival, david mabuza, want",2021-09-08,2021-09-11,6
10055,"masks, international, airlines, banning, cloth, flights, favour, medical",2021-09-18,2021-09-18,1
8531,"digital vibes, siu, mkhize, siu report, report, health, dg, parliament",2021-08-31,2021-09-03,8
9811,"bok, lock, snyman, progressing, eyes, munster, return",2021-09-15,2021-09-15,1
10324,"know, send, resignation, letter, employers, dismiss, workers, involved",2021-09-21,2021-09-22,2
9557,"fnb, ceo, personal, loan, life, connect, ranks, highest",2021-09-13,2021-09-17,5
9046,"weds, joy, meryl, streep, daughter, grace, dj, mark",2021-09-06,2021-09-10,4
10071,"max lichaba, sues, stepson",2021-09-18,2021-09-18,1
9561,"ndlovu, rosemary, man, court, handed, years, murders, excop",2021-09-13,2021-09-18,35
10075,"art, presidential",2021-09-18,2021-09-18,1
10331,"ethekwini, da, shut up, council, meeting, heats, mayor, telling",2021-09-21,2021-09-25,4
10077,"editorial, fresh, step, greater, accountability",2021-09-18,2021-09-18,1
10850,"cape town, stock exchange, stock, exchange, opinion, close, usa, crash",2021-09-28,2021-10-01,5
10595,"higher education, precautionary suspension, ramaphosa, explains, dg, placed, precautionary, suspension",2021-09-24,2021-09-24,1
11109,"bulls, stormers, combrinck, earns, starting, berth, connacht, ruan combrinck",2021-09-30,2021-10-02,5
9064,"land, closeup, brave, slave, dashiki, cyril, act, sa",2021-09-06,2021-09-11,2
9067,"south africa, world, oldest, test, cricketer, dies",2021-09-06,2021-09-06,1
11115,"dr tumi, fraud, charges, wife, dropped, gospel music, star, dr",2021-09-30,2021-09-30,2
8812,"robben island, local, teenagers, share, experience, crossing, good, cause",2021-09-03,2021-09-03,1
10096,"paralympic, swimmer, achmat, coma, hospital",2021-09-19,2021-09-19,1
10376,"ahead, saa, takatso, takeoff, makes, clear, involved, days",2021-09-21,2021-09-22,2
10122,"protect, whistleblowers, ramaphosa, thuli madonsela, legislation, needs, expanded, babita deokaran",2021-09-20,2021-09-24,5
10379,"sabc, tv, licence, household, levy, goodbye, hello, wants",2021-09-21,2021-09-23,3
10128,"arrested, police, man, durban, found, court, cops, kwazulunatal",2021-09-20,2021-09-26,60
9361,"correctional services, mnikelwa nxele, watch, armed, guards, block, kzn, head",2021-09-09,2021-09-09,1
10390,"cape town, woman, us, labia, fillers, power, vampire, facial",2021-09-22,2021-09-23,2
10140,"petito, gabby, body, found, youtuber, gabrielle, missing, disappearance",2021-09-20,2021-09-25,13
8861,"us, cardinal, mccarrick, pleads, guilty, sexually, abusing, teenage",2021-09-03,2021-09-03,1
9118,"wish, find, funny, banksy, doesnt, like, current, immersive",2021-09-07,2021-09-07,1
10654,"usyk, anthony joshua, oleksandr, rematch, world, heavyweight, champion, wants",2021-09-25,2021-09-28,3
10148,"taliban, women, afghanistan, afghan, official, work, taliban takeover, fighting",2021-09-20,2021-09-25,9
9383,"multimillionrand, blyde, river, canyon, project, goes, ahead, despite",2021-09-09,2021-09-09,1
9129,"guinea, coup, impunity, rules, juntas, mali, chad, guinean",2021-09-07,2021-09-12,6
8878,"us air force, a10, attack, aircraft, rock, fearsome, shark, teeth",2021-09-04,2021-09-04,1
10162,"opinion, children, women, health, killed, parents, law, youth",2021-09-20,2021-09-26,29
8627,"dutch, company, raises, million, investment, ebikes, affordable",2021-09-01,2021-09-01,1
10935,"bulls, loosie, botha, better",2021-09-28,2021-09-28,1
9403,"actor, kathryn, prescott, icu, hit, truck",2021-09-10,2021-09-10,1
8381,"rosemary, hill, offers, great, riding, eastern, tshwane",2021-08-30,2021-08-30,1
9918,"canadian, man, killed, car, mcdonald, drivethru",2021-09-16,2021-09-16,1
10687,"bike, bag, bosses, mtb, helmet, slovenia, retro, singlespeed",2021-09-27,2021-10-03,10
10688,"pay, companies, post office, letters, class action, sa, sham, loan",2021-09-27,2021-10-03,30
10689,"david, mackenzie, teachers, polo, analysis, sheena, reveals, complexities",2021-09-27,2021-10-01,7
8905,"guinea, gunfire, capital, troops, streets, turmoil, putschists, claim",2021-09-05,2021-09-05,3
8909,"medical, parole, placed, jacob zuma, zuma, president, gets",2021-09-05,2021-09-05,3
9688,"springboks, wallabies, world rugby, lead, atop, rankings, cut, rise",2021-09-14,2021-09-17,5
8922,"iec, registration, parties, candidate, elections 2021, da, elections, analysis",2021-09-06,2021-09-11,38
9436,"venezuela, chief, wanted, us, detained, spain, plastic surgery, fugitive",2021-09-10,2021-09-10,2
8925,"book review, dark, twisty, keeps, riveted, wire, actor, michael",2021-09-06,2021-09-07,2
8415,"albertina sisulu, grandson, walter, succumbs, covid19, feel, like, died",2021-08-30,2021-09-05,3
9952,"2021, august, september, watch, hobby, turned, lifesaving, business",2021-09-16,2021-09-16,3
8935,"water, pietermaritzburg, copesville, supply, electricity supply, returns, service delivery issues, struggling",2021-09-06,2021-09-10,4
8429,"nene, leakes, husband, going, couple, days, amid, cancer",2021-08-30,2021-09-02,2
10483,"80litre, quadturbocharged, sculptural, beauty, meets, iconic, power, bugatti",2021-09-22,2021-09-22,1
10740,"cape, metro, launches, probe, tutu, mural, defaced, kword",2021-09-27,2021-09-27,1
9978,"deep, dive, boucher, wrong, revered, historian, odendaal, 1990s",2021-09-17,2021-09-18,2
10237,"caxton, impairs, million, magazine, newspaper, printing, declines",2021-09-20,2021-09-20,1
9474,"power station, fire, kendal, damages, unit, shut",2021-09-11,2021-09-11,1
10245,"spanish, italian, police, arrest, mafia, sting, operation",2021-09-20,2021-09-20,1
11018,"joburg, joburg mayor, mpho moerane, mayor, anc, new, mmc, endorsed",2021-09-29,2021-10-03,5
9484,"woman, body, found, van, staden, bridge",2021-09-11,2021-09-11,1
10766,"afghanistan, afghan, us, taliban, collapse, biden, icc, prosecutor",2021-09-27,2021-10-03,7
16,"msunduzi, pietermaritzburg, municipality, city, water, residents, kzn, municipal",2021-03-01,2021-08-28,266
10772,"cape town, death, residents, man, kzn, hospital, students, woman",2021-09-27,2021-10-03,43
8981,"new, suv, driven, hyundai, renault, kiger, sa, pulls",2021-09-06,2021-09-12,7
534,"money clinic, debt, money, invest, retirement, debt review, review, pay",2021-03-05,2021-08-25,251
10778,"rosemary ndlovu, excop, judge, warns, murderaccused, evading, questions, court",2021-09-27,2021-09-27,2
8989,"new zealand, lifts, lockdown, barring, virushit, auckland",2021-09-06,2021-09-06,1
8991,"south africa, divorced, different, types, divorces, divorce, spouse, consent",2021-09-06,2021-09-06,4
9762,"sa, bakkie, new, ranger fx4, review, topspec, triton, takes",2021-09-15,2021-09-16,5
10788,"rand, hit, sa, bleeds, amid, concerns, china, woes",2021-09-27,2021-10-01,4
8741,"bus, crash, ksd, municipality, remembers, victims, kei cuttings, survivor",2021-09-02,2021-09-02,3
9261,"letter, churchill, ponders, pleasing, pursuits, outside, politics",2021-09-08,2021-09-08,1
9523,"interception, ssa, rica, judge, concerned, unceasing, unlawful, communication",2021-09-13,2021-09-16,5
10036,"worth, buy, low, mileage, preowned, models, good, value",2021-09-18,2021-09-18,1
10043,"baby shower, social media, users, rally, organise, baby, shower, provincial",2021-09-18,2021-09-18,2
9535,"kzn, municipality, residents, msunduzi, coast, power, offices, infrastructure",2021-09-13,2021-09-18,33
9029,"chicken, covid19, sa, opinion, shop, profit, owner, yum",2021-09-06,2021-09-12,29
10828,"contractors, claim, govt, agreed, type, size, beitbridge, fence",2021-09-28,2021-09-28,1
10062,"western cape, cape town, bee, stings, believed, caused, death, african",2021-09-18,2021-09-18,1
10064,"rescuers, found, shipwrecked, children, clinging, dead, mom, drank",2021-09-18,2021-09-18,1
10065,"blitzboks, sevens, overpower, mexico, vancouver, opener, clean, sweep",2021-09-18,2021-09-19,2
9567,"kabul, taliban takeover, flight, us, citizens, foreign, commercial, lands",2021-09-13,2021-09-19,3
9828,"matric exams, education, dept, brought, forward, exams, kzn, treasury",2021-09-15,2021-09-17,7
10084,"doctor, broke, texas, law, performed, abortion, cant, sit",2021-09-19,2021-09-19,1
7014,"r350 grant, mboweni, billion, return, sa, ramaphosa, covid19, godongwana",2021-07-26,2021-08-13,22
9574,"cabinet, retirement, public, basic income grant, new, govt, mpumelelo, mkhabela",2021-09-13,2021-09-18,14
8807,"princess charlene, exclusive, admitted, durban, hospital, medical, emergency, closer",2021-09-03,2021-09-03,3
9837,"google, undersea, internet, new york, finishes, laying, giant, cable",2021-09-15,2021-09-19,2
8814,"free state, cooking, oil, n3, truck, accident, closes, highway",2021-09-03,2021-09-04,2
11119,"minutes, state, rests, modack, lawyer, wants, reopen, bail",2021-09-30,2021-09-30,1
10101,"letter, sa, lose, figo, ecosport, bring, focus, new",2021-09-19,2021-09-19,1
7799,"watch, latest, news, videos, africa, world",2021-08-13,2021-08-13,2
10361,"gauteng hospital, siu, freezes, companies, irregularly, awarded, tenders, refurbish",2021-09-21,2021-09-21,1
10362,"woman, confessed, killing, dismembering, husband, weak, attend, bail",2021-09-21,2021-09-28,2
10110,"covid19, vaccine, pfizer, vaccination, us, people, shots, sa",2021-09-20,2021-09-25,40
9604,"lloyd harris, us open, reaches, careerhigh, atp, ranking, banks, r6m",2021-09-13,2021-09-13,1
10116,"blacks, bok, boks, springboks, test, nienaber, black, players",2021-09-20,2021-09-26,37
10633,"tablet, computer, hopping, list, reveal, russia, us, starting",2021-09-25,2021-09-25,1
9104,"heavy rains, expected, durban, kwazulunatal, roads",2021-09-07,2021-09-07,1
10385,"covid19, sa, infections, continue, show, signs, sustained, downward",2021-09-21,2021-09-24,4
6551,"stores, damaged, unrest, mall, property, malls, looting, soweto",2021-07-13,2021-08-27,14
8349,"women, mom, cape town, woman, local, opinion, children, school",2021-08-30,2021-09-05,88
10143,"blitzboks, team, canada, vancouver sevens, cruise, title, powell, praises",2021-09-20,2021-09-26,6
10912,"miners, trapped, canada, watch, canadian, climb, safe",2021-09-28,2021-09-29,2
9392,"high court, dispute, burial, rights, judge, mnguni, ends",2021-09-10,2021-09-10,1
10417,"remember, ginger, prices, spiked, covid19, oversupply",2021-09-22,2021-09-22,1
8375,"anc, kzn, candidate, mec, north west, candidates, list, opposition parties",2021-08-30,2021-09-05,16
10169,"david coulthard, yuki tsunoda, impressed, yuki, tsunoda, schumacher, wants, improved",2021-09-20,2021-09-26,4
10938,"blade nzimande, dismisses, claims, da, hates, afrikaans",2021-09-28,2021-09-28,1
9659,"mandy wiener, mental health, lessons, osaka, biles, raducanu, need, look",2021-09-14,2021-09-14,1
9406,"wallabies, springboks, cooper, play, boks, gets, shock, years",2021-09-10,2021-09-12,8
10686,"covid19, wave, vaccines, us, fourth, sa, older, persons",2021-09-27,2021-10-03,47
8640,"crimen injuria, update, djs, fresh, euphonik, respect, npa, decision",2021-09-01,2021-09-01,1
10188,"rosemary ndlovu, insurance, appears, court, legs, shackled, threatening, journalists",2021-09-20,2021-09-21,5
9166,"pics, woman, flexible, people, world, started, training, years",2021-09-07,2021-09-07,1
10446,"traffic, long, weekend, heavy, volumes, expected, sa, roads",2021-09-22,2021-09-26,4
8656,"cape town, homeless, spotlight, sahrc, called, help, address, security",2021-09-01,2021-09-04,2
9428,"sa money report, podcast, measuring, economy, slow, climb, darkness",2021-09-10,2021-09-10,1
9689,"california, governor, election, biden, campaign, eve, republicanbacked, recall",2021-09-14,2021-09-15,2
10713,"child, women, abortion, new, life, kids, love, school",2021-09-27,2021-10-03,35
482,"anc, north west, mayor, north west premier, supra mahumapelo, mokgoro, case, magashule",2021-03-04,2021-08-28,136
8674,"illegal, city, land, pics, dozens, structures, destroyed, tshwane",2021-09-01,2021-09-03,3
9445,"sa, consumers, favour, buying, garages, maas, buttermilk, popular",2021-09-10,2021-09-10,1
10473,"mining charter, court, big, blow, govt, sets, aside, parts",2021-09-22,2021-09-23,3
5876,"wedding, guests, bride, watch, gifts, weddings, affair, lockdown",2021-06-27,2021-08-27,25
9977,"performance sedan, watch, vw, new, 170kw, jetta, gli, gives",2021-09-17,2021-09-17,1
9979,"resistance, band, workouts, work",2021-09-17,2021-09-17,1
10236,"justice, dept, ransomware, maintenance, payments, food, mom, anxiously",2021-09-20,2021-09-23,5
6910,"naspers, makes, investment, insurance, shortterm, ctrl, insurtech, tech",2021-07-22,2021-08-04,6
10495,"proud, boy, january, riot, defendant, seeks, release, pretrial",2021-09-22,2021-09-22,1
10757,"stella artois, virtual reality, ride, home, virtual, reality",2021-09-27,2021-09-27,1
9224,"princess diana, exclusive, neverbeforeheard, stories, famous, photographs, queen, helpers",2021-09-08,2021-09-10,2
11016,"blast, resort, criminals, boost, use, explosives, atm, attacks",2021-09-29,2021-09-29,1
9993,"veteran, court, journalist, ilse, de, lange, dies, long",2021-09-17,2021-09-17,1
9485,"brad binder, sa, aragon, motogp, start, 12th, grid, brother",2021-09-11,2021-09-12,2
11022,"sponge, baths, proper, storage, stretch, water, supplies, gauteng",2021-09-29,2021-09-29,1
11031,"spooks, hunt, moles, ssa, scrambles",2021-09-29,2021-09-29,1
24,"covid19, new, cases, deaths, records, south africa, sa, infections",2021-03-01,2021-08-29,198
8994,"work, real, sa, small business, costcutting, ideas, owners, trying",2021-09-06,2021-09-12,14
10789,"da, gama, ts galaxy, galaxy, sack, owen, following, poor",2021-09-27,2021-10-01,3
9521,"covid19, sa, cases, records, western cape, new, infections, million",2021-09-13,2021-09-19,17
9010,"affair, know, baby, mine",2021-09-06,2021-09-06,1
9269,"jp smith, surname, joke, watch, im, going, try, dude",2021-09-08,2021-09-10,3
9019,"pupils, pietermaritzburg, set, fire, school, kzn, left, watch",2021-09-06,2021-09-10,7
10558,"biotech, billionaire, soonshiong, cancer, covid19, sa, vaccines, expedite",2021-09-23,2021-09-24,3
10817,"basic income grant, huge, unintended, consequences, business, body, food prices, squeeze",2021-09-27,2021-10-03,3
10819,"year, car, south african, 2021, is, opinion, sa, winner",2021-09-27,2021-09-29,2
8260,"money, live, santam, profit, rise, warns, tough, economy",2021-08-25,2021-08-25,1
10826,"opinion, letters, warren, fernandez, covid19, crisis, points, climate",2021-09-28,2021-10-03,13
9804,"company, director, fake, vat, claims, woman, handed, suspended",2021-09-15,2021-09-17,5
8781,"bulls, wp, currie cup, jake, ntubeni, semifinal, marcell coetzee, western province",2021-09-02,2021-09-03,7
10320,"social development, bathabile dlamini, watch, minister, bathabile, dlamini",2021-09-21,2021-09-21,1
598,"court, unisa, city press, anc, new, corruption, ramaphosa, pay",2021-03-06,2021-08-28,149
9814,"melania trump, slept, election, night, woke, husband, speech, aide",2021-09-15,2021-09-15,1
8800,"modack, nafiz modack, john, wick, coming, hello, murderous, fictional",2021-09-02,2021-09-04,4
8549,"india, new zealand, bangladesh, england, dale steyn, twitter, reacts, retirement",2021-08-31,2021-09-05,9
10089,"know, mother, danger, children, signs",2021-09-19,2021-09-19,1
10857,"youtuber, mel, thompson, dies",2021-09-28,2021-09-28,1
10099,"cape town, pics, fire, destroys, homes, informal, settlement",2021-09-19,2021-09-19,1
2421,"car, vehicle, tips, know, change, car doctor, avoid, winter",2021-04-12,2021-08-26,41
9080,"cuban, love, affair, sandf, sends, soldiers, training, havana",2021-09-07,2021-09-07,1
8571,"update, transnet, siu, vow, coming, project, head, nailed",2021-08-31,2021-08-31,1
9597,"load shedding, power station, kendal, fire, eskom, diesel, load, shedding",2021-09-13,2021-09-13,2
9857,"govt, school, sanitisation, tender, gauteng education, dept, gets, legal",2021-09-15,2021-09-17,4
8836,"sa money report, podcast, dealing, fallout, sa, going, nuclear",2021-09-03,2021-09-03,1
10118,"bicycle, built, haul, braai, wood",2021-09-20,2021-09-20,1
9865,"missing, door, handles, plastic, windows, weird, car, flaws",2021-09-16,2021-09-16,1
9611,"sasria, cash, unrest, needs, looted, destroyed, big, businesses",2021-09-13,2021-09-17,4
8591,"diet, consisting, mainly, fruit, bad",2021-09-01,2021-09-01,1
10127,"woman, years, dad, raping, grooming, daughter, outcry, man",2021-09-20,2021-09-23,7
10899,"shembe, durban, congregants, march, pics, bring, complete, standstill",2021-09-28,2021-09-29,4
10644,"car crash, govt, official, dies",2021-09-25,2021-09-25,1
9879,"dut, insistence, lecturers, master, degree, welcomed, management, snub",2021-09-16,2021-09-18,2
9115,"myanmar, military, frees, notorious, antimuslim, monk",2021-09-07,2021-09-07,1
8860,"coega, steel, slapped, prohibition, notice, reporting, furnace, explosion",2021-09-03,2021-09-03,1
9375,"mossel bay, lockdown regulations, chain, reaction, popular, buffalo, rally, called",2021-09-09,2021-09-09,1
9377,"da, qualifications, saga, koen, plea, bargain, smith, cleared",2021-09-09,2021-09-09,1
9634,"mom, know, son, watch, life, living, opens, birth",2021-09-13,2021-09-18,20
10658,"pick n pay, bakery, sold, muffins, school, kids, wants, snowball",2021-09-26,2021-09-26,1
9125,"north west premier, bushy maape, new, will, disappoint, finally, swornin, members",2021-09-07,2021-09-11,3
9639,"cricket, pakistan, india, ipl, new zealand, tour, players, test",2021-09-13,2021-09-19,11
8872,"pick n pay, sound, engineer, makes, charcoal, agricultural, waste, supplies",2021-09-04,2021-09-04,1
10152,"relativity, investment, world, personal finance, drafting, budget, expert, tips",2021-09-20,2021-09-26,5
8621,"months, failing, sell, timbercity, pepkor, calls, quits, franchises",2021-09-01,2021-09-01,2
10672,"sandile buthelezi, digital vibes, health, dept, suspends, dg, alleged, role",2021-09-26,2021-09-26,1
9137,"covid19, potential, long covid, zanele, passing, puts, spotlight, global",2021-09-07,2021-09-10,6
10161,"eskom files, fire, sabotage, treasury, delays, drove, eskom, majuba",2021-09-20,2021-09-20,1
8372,"us, ivermectin, fauci, covid19, treat, good, idea, mandate",2021-08-30,2021-09-05,5
8373,"eskom, allegations, umgungundlovu, asks, staff, millions, district, suspended",2021-08-30,2021-09-04,25
8887,"blacks, resolve, tested, wallabies, coach, backs, new, rule",2021-09-04,2021-09-05,2
9399,"sibanye, turns, uranium, unloved, resource, wants, tap, green",2021-09-10,2021-09-12,2
9400,"r kelly, accuser, singer, starved, days, assaulting",2021-09-10,2021-09-10,1
9145,"antivaxxers, insurance, pressure, ceo, customers, sanlam, climate change, fuelling",2021-09-07,2021-09-12,9
10682,"new zealand, murders, expats, set, support, network, struggling, sa",2021-09-27,2021-09-27,1
9408,"watch, uk, girl, claims, prize, contest, beating, adult",2021-09-10,2021-09-10,1
10692,"man, murder, police, arrested, court, shooting, taxi, kzn",2021-09-27,2021-10-03,75
10187,"sa, mtb, pros, great, season",2021-09-20,2021-09-20,1
10708,"sa, nersa, eskom, govt, needs, china, plan, opinion",2021-09-27,2021-10-02,39
10197,"xolani, luvuno, plan, pit toilets, story, climbed, kilimanjaro, eradicate",2021-09-20,2021-09-25,12
9686,"spectrum, deadlock, continues, auction, experts, fret, sa, access",2021-09-14,2021-09-15,2
10710,"watch, videos, show, passengers, trapped, inside, glass, pods",2021-09-27,2021-09-27,1
10459,"tshegofatso pule, court, mastermind, bail, high court, high, attempt, family",2021-09-22,2021-09-22,2
9698,"bring, blitzboks, canada, world rugby, world cup, considers, staging, world",2021-09-14,2021-09-17,9
10723,"zuma, nkandla, home, address, supporters, jacob zuma, president, anc",2021-09-27,2021-09-30,4
8676,"talk show, oprah, ellen, moment, queen, taken, task, rose",2021-09-01,2021-09-01,1
10724,"sa, businesses, opinion, women, digital, new, programme, south africa",2021-09-27,2021-10-03,32
9446,"new york, land deal, dirco, dg, fired, amid, probe, botched",2021-09-10,2021-09-10,1
10214,"cant, think, obama, told, trump, recall, biggest, mistake",2021-09-20,2021-09-21,2
10217,"killed, sources, mali, people, injured, grenade, attack, bar",2021-09-20,2021-09-26,6
8430,"driven, sa, manual, want, need, know, lexus, lc500",2021-08-30,2021-09-04,9
9969,"uk, launches, postbrexit, review, eu, laws, britain, revert",2021-09-16,2021-09-18,2
9458,"mugabe, remains, reburied, harare, monument, zimbabwe, magistrate, rules",2021-09-10,2021-09-10,1
10995,"mega, grenadier, suv, en, route, sa, ineos, support",2021-09-29,2021-09-29,1
10487,"sa economy, steel, federation, warns, numsa, strike, action, cost",2021-09-22,2021-09-22,1
8698,"eastern cape, desalination, plant, set, ease, impact, drought, questions",2021-09-01,2021-09-03,2
9212,"sa, grow, drier, longer, new, climatechange, study, bit",2021-09-08,2021-09-08,1
10242,"mining, exec, shot, johannesburg, home",2021-09-20,2021-09-20,1
11011,"nu, metro, offering, halfprice, movie, tickets, popcorn, nedbank",2021-09-29,2021-09-29,1
8966,"taliban, afghan, us, kabul, aid, government, watch, afghanistan",2021-09-06,2021-09-12,23
9480,"striking, photos, show, veiled, afghan, women, attending, protaliban",2021-09-11,2021-09-11,1
8978,"bigger, magnetic, water, bottle, mtb",2021-09-06,2021-09-06,1
8472,"qanon shaman, riot, pleads, guilty, capitol, us capitol attack, congressional, panel",2021-08-30,2021-09-03,4
8475,"unrest, busa, pityana, concerned, frequent, shuffles, key, ministries",2021-08-30,2021-09-03,4
10782,"sa, volkswagen, mercedesbenz, golf 8 gti, opinion, vehicles, id, buy",2021-09-27,2021-10-02,9
8479,"pupil, death, school, grade, fellow, stabbing, stabbed, boy",2021-08-30,2021-09-01,6
8483,"crime statistics, scrutinised, crime, latest, sexual, offences, local, watch",2021-08-31,2021-09-04,11
10796,"danish, man, found, buried, treasure, iron, age, metal",2021-09-27,2021-09-27,1
10299,"texas, megachurch, preacher, trump, devotee, credible, religious, argument",2021-09-21,2021-09-21,1
9534,"elections 2021, anc, iec, registration, voter, weekend, candidate, da",2021-09-13,2021-09-19,68
10303,"allnew, vw, caddy, headed, sa, know, ahead, november",2021-09-21,2021-09-21,1
10816,"elections 2021, watch, launches, manifesto, ahead, anc, elections, hub",2021-09-27,2021-09-30,3
9539,"illegal, dumping, site, kzn, mpophomeni, trendy, shisanyama",2021-09-13,2021-09-13,1
8516,"manenberg, serial, cat, killer, dogs, caught, cctv, attacks",2021-08-31,2021-09-03,3
10052,"viral, post, alleged, us, airline, kicked, hyperventilating, asthmatic",2021-09-18,2021-09-18,1
8519,"spectrum, mtn, return, emergency, covid19, end, november, icasa",2021-08-31,2021-09-03,3
10567,"lions, urc, opener, stormers, italy, bulls, united, rugby",2021-09-23,2021-09-25,7
10315,"fire, cape town, man, dies, newlands, apartment, block, pensioner",2021-09-21,2021-09-24,3
9552,"covid19, sa, students, young, people, cant, find, cities",2021-09-13,2021-09-19,61
8787,"electric vehicle, understanding, terminology, electric vehicles, sa, capitalise, italy, seeks",2021-09-02,2021-09-05,3
9813,"mike novogratz, bitcoin, bull, crypto, zealots, like, antivaxxers, gamestop",2021-09-15,2021-09-16,2
10069,"500, army, vehicles, destroyed, fire",2021-09-18,2021-09-18,1
8795,"it, pals, gertjohan, coetzee, vicky, visagie, amicable, split",2021-09-02,2021-09-02,1
9564,"sa, boost, debt, eskom, time, key, record, africans",2021-09-13,2021-09-19,39
10589,"mexican, exsecurity, chief, accused, stealing, million, leaving, government",2021-09-23,2021-09-23,1
8802,"incar, operating, systems, motorists, want",2021-09-03,2021-09-03,1
11112,"ahmed timol, judge, officially, strikes, case, death, court, roll",2021-09-30,2021-09-30,1
8815,"heart attack, riding, cape, epic",2021-09-03,2021-09-03,1
9077,"mbalula, pay, driving, licences, motorists, fees, minister, wants",2021-09-07,2021-09-10,9
10613,"mondli gungubele, minister, presidency, mourns, death, son",2021-09-24,2021-09-24,1
10102,"spanish, la, palma, volcano, people, evacuated, island, eruption",2021-09-19,2021-09-19,2
8568,"life, insurers, covid19, deaths, hit, million, sa, policyholders",2021-08-31,2021-09-04,3
127,"car, sa, 2021, buying, vehicle, vehicles, sa car sales, opinion",2021-03-01,2021-08-28,88
9088,"use, voyager, miles, caveats, apply",2021-09-07,2021-09-07,1
10112,"elections 2021, anc, da, candidate, registration, iec, councillor, candidates",2021-09-20,2021-09-26,73
8833,"happened, ramaphosa, touches, unrest, vaccines, marikana, unemployment, qa",2021-09-03,2021-09-03,1
9608,"kitchen, meet, rules, sa, teams, cook, success, lazy",2021-09-13,2021-09-17,4
9097,"carry, dads, advocating, samesex, parenting, share, surrogacy, journey",2021-09-07,2021-09-07,1
9098,"bmw, reflects, years, business, mzansi, readies, ev, wave",2021-09-07,2021-09-07,1
10893,"agrizzi, present, court, illness, state, subpoena, doctor, explain",2021-09-28,2021-09-28,1
10646,"police, banks, set, follow, poachers, illicit, cash, trail",2021-09-25,2021-09-25,1
8862,"watch, police, officers, hurt, uk, clash, antivaxxers",2021-09-03,2021-09-03,1
10400,"pics, endangered, humpback, dolphins, seven, killer, whales, spotted",2021-09-22,2021-09-22,1
9633,"uber, loses, battle, drivers, rights, netherlands",2021-09-13,2021-09-13,1
9640,"sca, rules, mkhwebane, bid, redeem, report, prospects, success",2021-09-13,2021-09-13,1
10154,"new zealand, extends, covid19, lockdown, auckland",2021-09-20,2021-09-20,1
10926,"ramaphosa, presses, wto, covid19, vaccine, patents, waiver",2021-09-28,2021-09-28,1
8369,"sa, paralympics, paralympic, tokyo, louzanne, coetzee, gold, team sa",2021-08-30,2021-09-05,21
9650,"malls, vukile, selling, covid19, canal, walk, hyde, park",2021-09-13,2021-09-15,3
9654,"youtuber, subscribers, deleted, channel, making, crying, son, pose",2021-09-13,2021-09-15,2
8889,"jill biden, resume, facetoface, teaching",2021-09-04,2021-09-04,1
4552,"lived, life, zimbabweans, sa, face, uncertain, future",2021-05-27,2021-05-27,1
9419,"sa, world, batch, updated, volkswagen, polos, leaves, kariega",2021-09-10,2021-09-10,1
10448,"taliban, city, fighters, people, killed, attack, jalalabad, hang",2021-09-22,2021-09-26,3
8917,"love, new, review, drama, story, big, new album, south africa",2021-09-06,2021-09-12,44
8418,"eu, travel restrictions, looks, like, impose, americans, reaches, goal",2021-08-30,2021-09-02,3
9962,"van, gogh, drawing, old, man, goes, display, time",2021-09-16,2021-09-18,2
9709,"happy, ending, missing, bearded, dragon, reunited, family",2021-09-14,2021-09-14,1
8942,"mufc, opinion, msunduzi, mayor, dropped, ball, sponsorship, decision",2021-09-06,2021-09-10,3
8431,"bike, new, ascent, need, bicycle, collectors, philip, van",2021-08-30,2021-09-03,5
10736,"sa, sharks, bulls, munster, stormers, player, jake, cap",2021-09-27,2021-10-03,19
8948,"rassie, exbok, shares, views, videogate, thumbsucking, eddie jones, demands",2021-09-06,2021-09-08,4
9717,"lerato, sengadi, celebrates, hhp, birthday, song, amapiano, star",2021-09-14,2021-09-18,13
10745,"level, lockdown, ramaphosa, sa, moves, alert, govt, gatherings",2021-09-27,2021-10-02,14
8701,"heritage, site, liliesleaf, iconic, close, doors, indefinitely, arts",2021-09-01,2021-09-04,3
7678,"asbestos, case, ace magashule, npa, court, r255m, tender, postponed",2021-08-11,2021-08-16,5
10750,"soldiers, injured, military, vehicle, river, kzn, watch, falls",2021-09-27,2021-09-28,3
10751,"killed, crashes, crash, injured, people, death, kzn, roads",2021-09-27,2021-10-03,7
8452,"engineering, company, digs, heels, siu, accused, overreach, vbs",2021-08-30,2021-09-04,5
8974,"army, sniper, kills, including, baby, boy, florida, shooting",2021-09-06,2021-09-06,1
8463,"boks, style, bok, entry, it, lions series, black, coach",2021-08-30,2021-09-05,12
9231,"gold, ntando mahlangu, paralympic, boat, caster, barred, burundian, niyonsaba",2021-09-08,2021-09-11,5
10773,"man, united, ronaldo, return, villarreal, winner, latest, everton",2021-09-27,2021-10-02,13
10776,"kzn, water, areas, letters, blocked, drain, spills, street",2021-09-27,2021-10-02,15
10521,"springboks, blacks, 100th, test, clash, wallabies, show, black",2021-09-23,2021-09-25,16
10783,"look, africa, biggest, logistics, centre, officially, opened, joburg",2021-09-27,2021-09-27,1
8480,"vaccine doses, africa, doses, nations, eu, astrazeneca, vaccine, supply",2021-08-30,2021-09-05,7
10532,"landscape, artist, walter, meyer, widow, convicted, murder",2021-09-23,2021-09-23,1
8997,"public sector, wage deal, consumer confidence, relief, measures, wage, deal, blues",2021-09-06,2021-09-06,1
8998,"mom, us, shares, days, life, woman, new, child",2021-09-06,2021-09-12,40
10794,"lewis hamilton, driver, formula 1, toby venter, interview, coming, sa, kyalami",2021-09-27,2021-10-02,3
10294,"primary school, vaccine mandate, us, teacher, showed, school, blackface, protest",2021-09-21,2021-09-21,1
9527,"proteas, series, win, t20 world cup, t20, sri lanka, spinners, csa",2021-09-13,2021-09-18,20
58,"diet, help, adhd, food, health, watch, children, people",2021-03-01,2021-08-26,148
10044,"plans, womenowned, bank, crash, cooperative, weeks, pay, money",2021-09-18,2021-09-18,1
10046,"life, money laundering, sanlam, fined, weaknesses, prevention, measures",2021-09-18,2021-09-18,1
10559,"sharks, munster, coach, everitt, bosch, urc, chamberlain, starts",2021-09-23,2021-09-25,7
9542,"bulls, stormers, sharks, everitt, urc, rugby, wp, man",2021-09-13,2021-09-19,16
9543,"champions league, liverpool, chelsea, win, man city, league, solskjaer, ronaldo",2021-09-13,2021-09-19,35
9292,"dams, adjustment, budget, provision, drought, projects, dry, taps",2021-09-09,2021-09-10,5
10318,"burger king, competition, tribunal, approves, sale, conditions, include, new",2021-09-21,2021-09-22,2
10834,"bond, james bond, iconic, daniel craig, james, kate middleton, time, die",2021-09-28,2021-10-03,14
9812,"mexican, authorities, rescue, foreigners, kidnapped, hotel",2021-09-15,2021-09-15,1
10584,"podcast, story, school, david, mackenzie, boys, water, polo",2021-09-23,2021-09-24,4
10073,"joburg mayor, jolidee matongo, newly, appointed, jolidee, matongo, breaking, pedestrian",2021-09-18,2021-09-19,3
9563,"local, academics, developed, invigilator, app, prevents, cheating, online",2021-09-13,2021-09-13,1
9053,"hlophe, minority, decision, proves, broken, jsc, john hlophe, it",2021-09-06,2021-09-10,2
10085,"liesl laurie, musa mthombeni, photos, musa, mthombeni, pics, white, wedding",2021-09-19,2021-09-19,1
9833,"suspended, high, risk, cfo, fights, mangaung, electricity, distributor",2021-09-15,2021-09-18,6
10091,"rare, copy, us, constitution, signed, auction",2021-09-19,2021-09-19,1
9580,"money, tips, time, municipal elections, elections 2021, 2021, future, plan",2021-09-13,2021-09-18,14
10604,"inside, nyc, hotel, known, palace, secrets, harry, meghan",2021-09-24,2021-09-24,1
9071,"eskom, senior, court, dg, face, money laundering, manager, wins",2021-09-06,2021-09-11,12
9327,"watch, ford, best, ranger, look, allnew, sabound, bakkie",2021-09-09,2021-09-09,1
9074,"daily lotto, powerball, plus, lotto, players, lucky, results, bag",2021-09-06,2021-09-21,19
10868,"banking, future, fraud, takes, debit, card, listen, smart",2021-09-28,2021-10-02,14
8565,"proteas, bavuma, root, england, sri lanka, test, india, sa",2021-08-31,2021-09-04,12
11125,"pravin gordhan, biography, probes, steely, resolve, save, sa, corruption",2021-09-30,2021-09-30,1
9591,"powerball, draw, sitting, million",2021-09-13,2021-09-13,1
9337,"state capture, goldman sachs, ousted, mckinsey, head, dealt, fallout, corun",2021-09-09,2021-09-09,1
10366,"sharks, sa rugby, redemption, goal, franchises, step, new, world",2021-09-21,2021-09-26,4
129,"new, woman, meet, love, im, life, shares, daughter",2021-03-01,2021-08-27,271
9092,"climate change, sa, climate, climate finance, waiting, bailout, keeps, pursuing",2021-09-07,2021-09-11,6
8584,"tsitsipas, toilet, humor, funny, zverev, tearful, osaka, break",2021-08-31,2021-09-04,2
9866,"third wave, opinion, richard, van, zyl, steam, taken, toll",2021-09-16,2021-09-16,1
10124,"pietermaritzburg, residents, city, park, ramaphosa, mountain, rise, stand",2021-09-20,2021-09-25,41
8589,"diana, ad, eyes, saw, camilla, wedding, royal, photographer",2021-09-01,2021-09-05,5
10383,"new zealand, kfc, gang, associates, arrested, trying, smuggle, car",2021-09-21,2021-09-23,2
10129,"waste, dumped, umgeni, river, kwazulunatal, scary",2021-09-20,2021-09-20,1
9119,"water, tests, show, dangerous, levels, bacteria, zandvlei, zeekoevlei",2021-09-07,2021-09-07,1
9380,"mandla lamba, fsca, warns, public, billionaires, club, director",2021-09-09,2021-09-09,1
9130,"trevor noah, minka kelly, arent, minka, kelly, guessing, cosy, outing",2021-09-07,2021-09-07,1
9133,"joao rodrigues, ahmed timol, apartheidera, policeman, charged, murder, ahmed, timol",2021-09-07,2021-09-11,4
10164,"win, community, library, barbara masekela, poli, theatre, takes, model",2021-09-20,2021-09-25,34
9655,"uk, sa, update, covid19, vaccines, minister, accepts, recommendation",2021-09-13,2021-09-15,4
10683,"cape town, city, district, bylaws, homeless, da, good, eviction",2021-09-27,2021-10-02,7
10939,"kuben moodley, gupta, fixer, dubai, middleman, guptalinked, firms, dodgy",2021-09-28,2021-10-01,4
9917,"biden, pm, australians, squirm, calls, fellow, scott morrison, appeared",2021-09-16,2021-09-16,2
10174,"musa mthombeni, snaps, liesl, breathtaking, white, wedding, liesl laurie, details",2021-09-20,2021-09-21,2
9668,"jika, joe, settlement, informal, residents, pietermaritzburg, plead, city",2021-09-14,2021-09-15,2
9160,"court, eskom files, slush, fund, limpopo, mec, case, takes",2021-09-07,2021-09-21,5
9937,"saa, needs, upgraded, fleet, compete, outside, africa, interim",2021-09-16,2021-09-16,1
9173,"sars, seizes, million, worth, booze, mpumalanga, warehouse, im",2021-09-07,2021-09-11,2
8918,"hamilton, f1, gp, teammate, bottas, russell, mercedes, italian gp",2021-09-06,2021-09-12,31
8926,"women, community, cant, stories, age, men, cape town, awareness",2021-09-06,2021-09-11,47
8931,"zulu king, emotional, reed, dance, new",2021-09-06,2021-09-06,1
9701,"covid19, putin, circle, russia, selfisolating, people, caught, vladimir putin",2021-09-14,2021-09-19,4
8683,"court case, losing, power, bidder, seeks, postpone, hawks, wrap",2021-09-01,2021-09-02,2
8947,"covid19, cases, new, deaths, sa, confirmed, increase, records",2021-09-06,2021-09-12,10
9465,"money clinic, emigrating, work, remotely, sa, employer, taxed",2021-09-11,2021-09-11,1
11005,"sarah everard, london, arrest, raping, killing, officer, police officer, sarah",2021-09-29,2021-09-30,4
8963,"man, police, pietermaritzburg, woman, dead, kzn, found, court",2021-09-06,2021-09-12,96
10758,"df malan, name change, hoërskool, governing, body, refuses, request, referendum",2021-09-27,2021-09-28,2
10002,"new zealand, children, sa, mother, found, dead, new, zealand",2021-09-17,2021-09-19,8
9747,"african rainbow capital, coal mining, motsepe, exit, metrofibre, prunes, portfolio, interview",2021-09-14,2021-09-15,2
10003,"female, rhino, drowns, dutch, zoo, waterhole, chased, potential",2021-09-17,2021-09-17,1
10005,"california wildfires, world, largest, tree, path, raging, desperate, bid",2021-09-17,2021-09-17,2
8982,"texas, abortion, satanic, temple, lobbying, restrictions, wants, faithbased",2021-09-06,2021-09-10,3
9754,"george floyd, derek chauvin, derek, chauvin, guilty, federal, charges, murder",2021-09-14,2021-09-16,2
10269,"pro, cycling, richest, team, rim, brakes",2021-09-21,2021-09-21,1
9502,"kim kardashian, photos, steps, head, yes, including, face, toe",2021-09-12,2021-09-12,1
10273,"upl, durban, disaster, it, smelled, like, guy, fawkes",2021-09-21,2021-09-24,3
9765,"mpumalanga, municipality, accused, unfair, discrimination, supplying, water, villages",2021-09-15,2021-09-15,1
6955,"workout, training, want, moves, need, stretch, body, helpful",2021-07-23,2021-08-29,13
8751,"steinhoff, bid, court, liquidation, tekkie town, owners, longawaited, liquidated",2021-09-02,2021-09-03,3
10033,"pit toilet, komape, family, wins, court, battle, years, son",2021-09-17,2021-09-17,1
10803,"navalny, youtube, ceo, free, speech, core, value, removing",2021-09-27,2021-09-28,2
9525,"elections 2021, cape town, cape, town, battle, lines, drawn, parties",2021-09-13,2021-09-18,3
9015,"students, arrested, mobilisation, gathering, central, durban",2021-09-06,2021-09-06,1
9531,"family, covid, industry, sons, sea, gangs, london, hailed",2021-09-13,2021-09-18,30
10555,"bertina, engelbrecht, new, ceo, clicks, ramsunder, quits, australia",2021-09-23,2021-09-23,1
9546,"fuelefficient, diesel, vehicles, buy, sa, suzuki, anymore, rare",2021-09-13,2021-09-19,5
9802,"watch, uk, teen, wheelchairbound, year, taught, walk",2021-09-15,2021-09-15,1
10059,"top 14, watch, sa, ryno, pieterse, shown, straight, red",2021-09-18,2021-09-18,1
8780,"luxury cars, afu, seizes, gold, valued, r3m, alleged, kidnappers",2021-09-02,2021-09-02,1
9036,"launching, paris hilton, scarf, worn, beyoncé, makes, invisible, photos",2021-09-06,2021-09-10,4
10316,"sugar tax, working, double, insulin, prices, tripled, past, decade",2021-09-21,2021-09-26,2
10319,"nelson mandela bay, mayor, curfew, breaking, car crash, hospital, bhanga, gives",2021-09-21,2021-09-23,3
9043,"covid19, mu, variant, scientists, new, coronavirus variant, variants, vaccine",2021-09-06,2021-09-11,9
11091,"players, breach, argentine, banned, wallabies, clash, covid, veteran",2021-09-30,2021-10-02,4
8789,"south africa, national park, getting, new, national, park, country, highest",2021-09-02,2021-09-03,2
10070,"justice department, cyber attack, handled, cyber, attack",2021-09-18,2021-09-18,1
10327,"narcos, star, actor, raba, loves, mtb",2021-09-21,2021-09-21,1
9051,"granted, tender, years, court, scam, joburg, fraudster, found",2021-09-06,2021-09-11,12
8797,"biden, approval, continues, slide, points, independents, new, poll",2021-09-02,2021-09-02,1
608,"covid19, vaccine, vaccines, jj, astrazeneca, pfizer, study, us",2021-03-06,2021-08-27,241
10081,"kaizer, jr, gets, hitched",2021-09-18,2021-09-18,1
10598,"lauren dickason, exclusive, lauren, read, understand, ivf, friend, couldve",2021-09-24,2021-09-25,4
10854,"flysafair, starts, flights, mauritius, december, starting, kenya airways, saa",2021-09-28,2021-10-01,4
9322,"cyclists, killed, pietermaritzburg, update, tributes, pour, wellknown, horror",2021-09-09,2021-09-11,4
10352,"mom, burnt, benoni, creche, recovering, daughter, receiving, counselling",2021-09-21,2021-09-24,2
10866,"achmat, hassiem, life, support, danger, family",2021-09-28,2021-09-28,1
9075,"wild boars, organised, breakout, piglets, showing, high, levels, intelligence",2021-09-06,2021-09-06,1
9079,"life esidimeni, patients, centre, inquest, hears, care, nurses, life esidimeni inquest",2021-09-07,2021-09-09,5
10619,"cape town, establishments, world, best, restaurants, list",2021-09-24,2021-09-24,1
10877,"steinhoff, court, asks, settlement, constitutional court, court case, shut, liquidation",2021-09-28,2021-09-30,3
9598,"new, star, famous, like, gets, fall, look, boo",2021-09-13,2021-09-19,17
10111,"thulas nxesi, child labour, informs, parliament, govt, steps, stop, child",2021-09-20,2021-09-20,1
10367,"measure, jabulani sikhakhane, metrics, numbers, game, sifiso skenjana, technology, evolving",2021-09-21,2021-09-22,2
9607,"labour shortage, pigs, destroyed, clear, backlog, caused, severe, uk",2021-09-13,2021-09-13,1
10375,"biden, us, watch, pledges, billion, fight, global, hunger",2021-09-21,2021-09-25,8
10892,"money laundering, guptaowned, company, added, accused, r25m, estina, case",2021-09-28,2021-09-28,1
8846,"leonardo, rooftop, bar, opens, helicopter, delivers, moët, vending",2021-09-03,2021-09-03,1
9106,"mtb, futuristic, design, scott, patron, ebike, riding, transbaviaans",2021-09-07,2021-09-10,5
9365,"oppenheimer, daughter, da, single, biggest, donor, r15m, iec",2021-09-09,2021-09-10,2
9114,"sri lanka, proteas, odi, bat, deciding, batting, t20, unchanged",2021-09-07,2021-09-14,8
8863,"biden, orders, declassification, reviews, documents, related, september, attacks",2021-09-03,2021-09-03,1
8352,"bulls, sharks, currie cup, wp, lions, sa, urc, coach",2021-08-30,2021-09-05,31
10146,"sasol, come, emission, target, climate, govt, let, rich",2021-09-20,2021-09-26,9
10918,"house, 500, loaves, bread, cost, lot, dough",2021-09-28,2021-09-29,2
10665,"meet, entrepreneur, planning, build, mcdonald, plantbased, burgers",2021-09-26,2021-09-26,1
9646,"us, couple, died, covid19, weeks, apart, left, kids",2021-09-13,2021-09-13,1
10670,"south african, writer, egoli, creator, franz, marx, dies, covid19",2021-09-26,2021-09-26,1
9135,"killed, western cape, transport, cape town, taxi, safety, project, records",2021-09-07,2021-09-11,5
10673,"desmond tutu, cape town, pics, loathsome, shock, mural, cape, town",2021-09-26,2021-09-26,1
10929,"wage, numsa, strike, sibanye, steel, offer, insult, greedy",2021-09-28,2021-10-01,4
10426,"south africans, raise, funds, cosmo, city, father, left, quadriplegic",2021-09-22,2021-09-22,1
9915,"know, faked, paternity, test",2021-09-16,2021-09-16,1
10685,"elections 2021, anc, manifesto, ifp, eff, da, ramaphosa, promises",2021-09-27,2021-10-03,75
9413,"trees, uprooted, stolen, kwazulunatal, south, coast",2021-09-10,2021-09-10,1
10707,"brian laundrie, gabby petito, fiancé, fbi, laundrie, parents, is, death",2021-09-27,2021-10-03,9
9940,"korean, boy, band, bts, sworn, presidential, envoys, given",2021-09-16,2021-09-16,1
10200,"officials, gauteng, kzn, company, family, ties, anc, mpl",2021-09-20,2021-09-25,5
8665,"saa, takatso, denies, rumour, global, aviation, pulling, equity",2021-09-01,2021-09-02,3
9180,"home affairs, aaron motsoaledi, bushiri, captured, aaron, motsoaledi",2021-09-08,2021-09-08,1
10718,"f1, lewis hamilton, hamilton, formula 1, wins, century, best, lando norris",2021-09-27,2021-10-03,13
10208,"de, lille, da, elections 2021, cape town, cape, town, listen",2021-09-20,2021-09-24,3
10213,"princess, beatrice, baby, girl, welcomes, gives, birth, royal family",2021-09-20,2021-09-21,4
8934,"anc, councillor, candidate, thebolla, future, balance, hunt, msunduzi",2021-09-06,2021-09-11,7
8423,"sa, nuclear, eskom, power, clean energy, restarts, plan, critics",2021-08-30,2021-09-04,6
8938,"sharks, bulls, currie cup final, springboks, bok, rugby, wallabies, loftus",2021-09-06,2021-09-12,50
10475,"section, births, deaths, registration, act, impairs, dignity, unmarried",2021-09-22,2021-09-22,1
9456,"bathtub, body, case, husband, trial, murder, wife, abandons",2021-09-10,2021-09-10,1
8691,"aspen, jj, talks, vaccine production, expand, sa, ready, roll",2021-09-01,2021-09-02,3
8440,"results, ceo, sea, harvest, rallies, strong, anxiously, awaits",2021-08-30,2021-09-03,6
9980,"haffejee, case, gopal, denies, withholding, evidence",2021-09-17,2021-09-17,1
10238,"hlophe, gauteng, judges, impeachment, case, concourt, legal action, wants",2021-09-20,2021-09-24,7
9727,"vaccine mandates, florida, governor, threatens, fines, cities, counties",2021-09-14,2021-09-14,1
2,"covid19, study, risk, new, patients, finds, people, covid",2021-03-01,2021-08-29,357
11010,"global, crime, south africa, ranks, high, index, measuring, organised",2021-09-29,2021-10-02,2
9991,"prince philip, court, rules, remain, sealed, years",2021-09-17,2021-09-17,1
6920,"prison, covid19, jacob zuma, hospital, leeuwkop, dead, lockdown, looting",2021-07-22,2021-08-18,15
8969,"facebook, whatsapp, social media, ome, things, better, left, offline",2021-09-06,2021-09-11,8
9994,"foreign, buyers, keen, sa, properties, price, tags, r41m",2021-09-17,2021-09-17,1
8971,"watch, modern, medicine, world, fell, apart, son, got",2021-09-06,2021-09-06,1
9997,"driving licence, letter, card, expired, years, ago, start, scratch",2021-09-17,2021-09-17,1
8465,"mozambique, south african, centre, corruption, scandal, expresident, son, denies",2021-08-30,2021-09-02,3
10001,"chain, lube, gold, tokyo",2021-09-17,2021-09-17,1
11025,"gateway, robbery, shopping centre, watch, security guard, shot, dramatic, jewellery",2021-09-29,2021-10-02,5
10516,"king, misuzulu kazwelithini, buthelezi, rubbishes, claims, poisoned, zulu royal family, seeking",2021-09-23,2021-10-02,5
3100,"eskom, eskom files, kusile, exec, execs, paid, kickbacks, manager",2021-04-26,2021-08-09,48
541,"questions, sis dolly, answers, burning, sex, man, experts, good",2021-03-05,2021-08-28,42
11040,"sa, born, lock, banned, weeks, horror, high, tackle",2021-09-29,2021-09-29,1
8993,"anc, ret, da, mayoral, candidate, makhosi khoza, durban, actionsa",2021-09-06,2021-09-11,29
8482,"khusela diko, ramaphosa, spokesperson, reinstated, warning, following, ppe, tender",2021-08-31,2021-08-31,3
8996,"palestinians, escape, highsecurity, israeli, prison, police, israel, captures",2021-09-06,2021-09-11,2
1834,"women, sex, south africa, opinion, study, help, gender, child",2021-03-30,2021-08-28,89
9004,"alleged, instigator, unrest, bonginkosi khanyile, mall, granted, bail, watch",2021-09-06,2021-09-08,5
10798,"elon musk, clashes, led, grimes, calling, quits, 3year, relationship",2021-09-27,2021-09-27,1
8498,"proteas, odi, proteas women, sri lanka, dale steyn, tribute, t20, windies",2021-08-31,2021-09-04,20
9524,"inside, government, mounting, directorgeneral, vacancy, crisis, means",2021-09-13,2021-09-13,1
10038,"saturday profile, ahmed timol, imtiaz cajee, ahmed, timol, cajee, racially, past",2021-09-18,2021-09-18,1
10295,"elon musk, pulled, remaining, house, market, vowing, rid, physical",2021-09-21,2021-09-21,1
10818,"watch, egg, thrown, french, president, macron, food, trade",2021-09-27,2021-09-27,1
9027,"mom, shares, survived, covid, 4minute, workout, torches, fat",2021-09-06,2021-09-06,1
10058,"nature reserve, rhino, calf, killed, gauteng",2021-09-18,2021-09-18,1
10060,"illegal protest, cape town, lockdown, antivaxxers, stage, cape, town",2021-09-18,2021-09-18,1
8788,"plan, choose, maintenance, vs, service",2021-09-02,2021-09-02,1
2135,"bike, mountain, mtb, race, gravel, cycling, bicycle, sa",2021-04-06,2021-08-27,108
9048,"tanzanian, judge, recuses, self, terrorism, case, opposition, leader",2021-09-06,2021-09-06,1
91,"rape, police, sexual assault, australian, case, court, minister, alleged",2021-03-01,2021-08-27,161
9824,"joburg, waterfall, city, bigger",2021-09-15,2021-09-15,1
9057,"wrap, ramaphosa, welcomes, zuma, medical, parole, wishes, quick",2021-09-06,2021-09-06,1
10086,"drones, waves, research, new, way, figure, southern, right",2021-09-19,2021-09-19,1
10856,"public protector, mkhwebane, withdraws, opposition, zille, colonialism, tweet, report",2021-09-28,2021-10-02,8
10602,"spur, native, american, imagery, fresh, costs, open, rocomamas",2021-09-24,2021-09-25,2
10093,"assassinated, iran, nuclear, scientist, aipowered, remotecontrolled, gun, report",2021-09-19,2021-09-19,1
8558,"licence renewal, driving licence, gauteng, transport, dept, launch, app, reduce",2021-08-31,2021-09-02,2
8559,"sponsored, power, pancreas",2021-08-31,2021-08-31,1
10351,"karpowership, licences, energy regulator, karpowership sa, approves, generation, sa, rocks",2021-09-21,2021-09-25,5
9078,"zimbabwe, warns, firms, manipulating, exchange, rate, arbitrage",2021-09-07,2021-09-07,1
3703,"chicken, daybreak farms, producer, exec, picowned, fox, coop, labour court",2021-05-09,2021-05-27,6
10616,"heathrow, airport, uk, border, gates, affected, failure",2021-09-24,2021-09-24,1
7545,"mthokozisi ntumba, accused, court, police, officers, killing, cops, return",2021-08-06,2021-09-03,3
10107,"ipl, mumbai indians, live, csk, strong, resumes",2021-09-19,2021-09-19,1
10108,"blood, water, ratched, expect, season, night, house, master",2021-09-20,2021-09-25,28
8579,"weather, warm, update, country, cloudy, expected, sun, parts",2021-08-31,2021-09-05,6
9347,"south africa, host, india, endofyear, test, series",2021-09-09,2021-09-09,1
10115,"open, letter, concerned, direction, irr, taking",2021-09-20,2021-09-20,1
9348,"t20 world cup, recap, proteas, squad, announcement",2021-09-09,2021-09-09,1
9606,"taliban, us, afghan, afghanistan, taliban takeover, china, million, women",2021-09-13,2021-09-18,13
9095,"south african, wines, sold, us, hefty, markup, wine industry, sa",2021-09-07,2021-09-10,2
10378,"post office, medical aid, seeking, financial, assistance, falling, medical, aid",2021-09-21,2021-09-21,1
9362,"justice department, ransomware attack, system, brought, ransomware, attack, crash, sa",2021-09-09,2021-09-11,3
10133,"blacks, springboks, boks, 100th, v, defeat, wallabies, expects",2021-09-20,2021-09-26,23
10905,"nedbank, chair, naidoo, died",2021-09-28,2021-09-28,1
8346,"new, going, read, sex, women, white, lotus, beautiful",2021-08-30,2021-09-04,41
10138,"chris cairns, paralysed, kiwi, cricket, great, faces, greatest, challenge",2021-09-20,2021-09-20,1
10906,"mayor, enjoys, car, bodyguard, perks, despite, stepping, aside",2021-09-28,2021-09-28,1
8348,"covid19, vaccination, vaccine, western cape, sa, million, vaccinated, schools",2021-08-30,2021-09-05,74
10141,"mom, life, shares, child, family, years, marriage, postpartum",2021-09-20,2021-09-25,56
9632,"9yearold, us, designed, dream, treehouse, zip, line, trampoline",2021-09-13,2021-09-13,1
9635,"tobacco, johann van loggerenberg, sabotage, bribes, time, probe, claims, british american tobacco",2021-09-13,2021-09-17,5
8613,"police, ramaphosa, credibility, continues, deteriorate, chief, appoints, new",2021-09-01,2021-09-05,6
9637,"cape town, animal cruelty, man, convicted, animal, cruelty",2021-09-13,2021-09-13,1
8880,"watch, bank, robbers, tied, hostages, roofs, getaway, cars",2021-09-04,2021-09-04,1
9904,"south african, americans, start, eating, lot, salt, oryx, hits",2021-09-16,2021-09-16,1
8626,"roads, resurfaced, million, windfall",2021-09-01,2021-09-01,1
10163,"hlengiwe mkhize, mkhize, deputy minister, official, funeral, declared, presidency, hlengiwe",2021-09-20,2021-09-25,4
10420,"rescue, workers, die, search, operation, johannesburg, mine",2021-09-22,2021-09-22,1
4538,"sciences, study guides, past exam papers, nsc, technical, grade, physical, print",2021-05-27,2021-06-04,3
9914,"springboks, boks, hooper, wallabies, history, springbok, wounded, rugby",2021-09-16,2021-09-18,14
8380,"covid19, new, variant, study, research, expert, long covid, vaccine",2021-08-30,2021-09-05,22
10173,"injured, university, people, killed, russian, campus, shooting, free state",2021-09-20,2021-09-23,2
10941,"trump, book, music, man, calm, rages, new, reveals",2021-09-28,2021-09-29,2
8382,"unrestsa, case, arrested, alleged, court, instigator, bail, woman",2021-08-30,2021-09-03,21
8638,"texas, abortion, supreme court, sixweek, ban, takes, effect, biden",2021-09-01,2021-09-04,5
8642,"paris, set, speed, limit, citywide, convince, drivers, ditch",2021-09-01,2021-09-01,1
8387,"f1, gp, dutch, hamilton, max verstappen, belgian, mercedes, race",2021-08-30,2021-09-05,33
9924,"australia, new, nuclear, submarines, watch, nz, stay, waters",2021-09-16,2021-09-19,4
8901,"kruger national park, hefty, prison, sentences, rhino, poachers, caught",2021-09-05,2021-09-05,1
10697,"uk, crisis, fuel, pumps, dry, british, offer, 500",2021-09-27,2021-10-03,15
10186,"sa, uk, travel, us, travel restrictions, lift, time, know",2021-09-20,2021-09-25,11
8652,"funeral, plan, app, leave, family, policy, date, pandemic",2021-09-01,2021-09-02,2
9936,"boeta cassiem, newlands, legendary, icecream, vendor, dies, wp, cricket",2021-09-16,2021-09-16,2
10967,"da, ward, councillor, duggan, returns, umngeni, better",2021-09-29,2021-09-29,1
8923,"proteas, t20 world cup, england, squad, maharaj, t20, odi, skipper",2021-09-06,2021-09-12,36
10973,"royal, ethekwini, sponsorship, vanity, project, party, come, end",2021-09-29,2021-10-02,3
10982,"amazon, robot, unveils, cience, fiction, patrol, homes, new",2021-09-29,2021-09-29,2
10994,"mxolisi dukwana, free state, free, state, fired, ace magashule, years, ace",2021-09-29,2021-10-01,2
10485,"mark zuckerberg, approved, project, pushing, stories, users, news, feeds",2021-09-22,2021-09-25,2
8694,"judge, desai, hits, zionist, federation, complaint, proisrael, activities",2021-09-01,2021-09-01,1
6647,"huawei matebook, offers, 11hour, charger, required, user, experience, future",2021-07-15,2021-07-20,4
9719,"tshegofatso pule, bail, alleged, murder, mastermind, ntuthuko shoba, case, appeal",2021-09-14,2021-09-16,2
10752,"us, biden, congress, agenda, capitol, democrats, moment, truth",2021-09-27,2021-10-03,5
10244,"joburg, man, burnt, death, breaking, transformer, substation, protest",2021-09-20,2021-09-22,3
11013,"teacher, spends, 500, pairs, quirky, shoes",2021-09-29,2021-09-29,1
10246,"senior, treasury, official, resigns, months, permanent, appointment",2021-09-20,2021-09-20,1
10252,"cop, death, dna, man, court, officials, arrested, disappear",2021-09-20,2021-09-24,12
10253,"f1, leaked, calendar, report, grand prix, practice, russian, melbourne",2021-09-20,2021-09-25,5
9492,"eastern cape, crisis, thousands, vacant, teacher, posts, schools",2021-09-11,2021-09-11,1
8726,"land rover, suvs, sa, sprinkles, exclusivity, new, defender, v8",2021-09-02,2021-09-02,1
11033,"zweli mkhize, siu report, wrap, ramaphosa, defends, despite, siu, report",2021-09-29,2021-09-29,1
9757,"hlophe, chief justice, high court, goes, stay, impeachment, block, ramaphosa",2021-09-14,2021-09-17,4
10272,"school, teacher, local, leaders, protest, zuma, kzn, south",2021-09-21,2021-09-26,6
10279,"letters, teacher, retrenchment, foolish, antivaxxers, decency, mercy, old",2021-09-21,2021-09-24,7
10281,"ryder cup, europe, us, dechambeau, mcilroy, captains, poulter, day",2021-09-21,2021-09-26,11
9002,"steinhoff, settlement, liquidation, support, plan, bid, case, vote",2021-09-06,2021-09-11,8
9514,"tesla, electric car, owner, detailed, qualitycontrol, issues, shows, dominates",2021-09-12,2021-09-12,1
9515,"magashule, foundation, mum, students, stranded, turkey",2021-09-12,2021-09-12,1
8494,"pietermaritzburg, outages, msunduzi, electricity, illegal connections, update, transformer, residents",2021-08-31,2021-09-05,18
10542,"apple, ceo, furious, employees, stop, leaking, information, leaked",2021-09-23,2021-09-23,1
9520,"covid19, vaccine, us, vaccination, vaccines, study, covid, children",2021-09-13,2021-09-19,89
8506,"internet, fraud, remains, threat, standard bank, tips, caught, scammers",2021-08-31,2021-09-02,4
9018,"burglars, strike, joburg, clinics, computers, containing, patient, information",2021-09-06,2021-09-06,1
9532,"police, man, cape town, kzn, killed, murder, found, robbery",2021-09-13,2021-09-19,81
10056,"friend, new york, real estate, real, estate, durst, found, guilty",2021-09-18,2021-09-18,2
9038,"wrap, iec, announces, voter, registration, weekend, reopens, candidate",2021-09-06,2021-09-09,2
9806,"stench, death, villagers, flee, site, ethiopia, mass, killings",2021-09-15,2021-09-15,1
9040,"princess charlene, hospitalisation, prince albert, princess, charlene, palace, condition, reassuring",2021-09-06,2021-09-12,4
10066,"jolidee matongo, it, hard, comprehend, tragedy, ramaphosa, pays, tribute",2021-09-18,2021-09-18,1
9044,"hawks, warned, hollywoodstyle, arrests, music, bosses, throats, questionable",2021-09-06,2021-09-11,3
8534,"exec, oberholzer, cleared, sweeping, siu, probe, claims, corruption",2021-08-31,2021-08-31,2
10583,"landscaping, company, workers, arrested, illegally, pruning, acacias, worth",2021-09-23,2021-09-23,1
9562,"uk, sa, red list, mauritius, ends, ban, travellers, flights",2021-09-13,2021-09-17,6
9566,"inge lotz, podcast, story, miscarriage, justice, episode, fred, murder",2021-09-13,2021-09-15,10
10339,"matongo, gauteng legislature, sends, condolences, family, joburg, anc, plots",2021-09-21,2021-09-22,2
10344,"teacher, primary school, update, police, hunt, suspects, shot, dead",2021-09-21,2021-09-21,2
9065,"video, shows, bird, australian, zoo, learned, perfectly, mimic",2021-09-06,2021-09-06,1
10356,"germany, killing, mask, row, covid19, shocked, petrol, station",2021-09-21,2021-09-22,3
8821,"princess charlene, palace, table, collapsing, prince albert, closer, look, rumours",2021-09-03,2021-09-03,3
8572,"missing, boat, rescued, canary, isles, it, haitian, migrants",2021-08-31,2021-09-01,2
8829,"meghan markle, kate middleton, meet, italian, journalist, edged, kate, middleton",2021-09-03,2021-09-03,1
10109,"bakkie, driven, swansong, trip, current, ranger, ford, new",2021-09-20,2021-09-23,4
8577,"kebby maphatsoe, mkmva, head, died, obituary, stranger, controversy, mkmva president kebby maphatsoe",2021-08-31,2021-09-05,4
9603,"anc, iec, elections 2021, court, magashule, suspension, battle, dismissed",2021-09-13,2021-09-19,17
10121,"dams, vwsa, assists, schools, cape town, water, tariffs, decreased",2021-09-20,2021-09-25,8
8586,"green paper, pension, plan, state, lindiwe zulu, withdraws, green, paper",2021-08-31,2021-09-02,4
9099,"holyfield, boxing, great, evander, set, return, ring, trump",2021-09-07,2021-09-12,3
908,"looks, like, popeye, obsession, muscles, cost, arms",2021-03-11,2021-03-11,1
9359,"durban, chemical spill, upl, disaster, initial, tests, found, high",2021-09-09,2021-09-10,2
10130,"cbd, sa, distributor, tested, products, label, bottle, cut",2021-09-20,2021-09-26,2
9364,"dng, granted, postponement, karpowership, case, judge, rock, hard",2021-09-09,2021-09-09,1
8347,"cars, new, sa, vehicles, smallest, preowned, sale, car",2021-08-30,2021-09-04,6
8356,"found, woman, man, bathtub, student, police, body, missing",2021-08-30,2021-09-04,26
8614,"anc, xiaomei, havard, ssa, report, mp, spying, china",2021-09-01,2021-09-02,3
8877,"leader, group, touting, bleach, miracle, covid19, cure, charged",2021-09-04,2021-09-04,1
7861,"zuma, key, witness, trial, johan van der walt, death, npa, arms deal",2021-08-15,2021-08-25,6
8377,"man, police, kwazulunatal, dead, found, killed, cop, shot",2021-08-30,2021-09-05,58
9658,"audi rs q8, watch, monstrous, suv, like, perfect, burger",2021-09-14,2021-09-14,1
10684,"uk, sa, travel, red list, covid19, quarantine, govt, ramaphosa",2021-09-27,2021-10-03,19
9150,"wildfire, spain, uncontrolled, spanish, started, deliberately, official, hundreds",2021-09-07,2021-09-10,3
9409,"gold medal, gqeberha, tween, wins, ecoconscious, invention",2021-09-10,2021-09-10,1
8644,"man, trampled, death, elephant, zimbabwe, taking, selfie",2021-09-01,2021-09-01,1
9157,"kebby maphatsoe, anc, seeks, probe, claims, gunshots, fired, funeral",2021-09-07,2021-09-07,1
10182,"africa, biggest, city, vaccinate, residents, year",2021-09-20,2021-09-20,1
8907,"iphone, finally, lose, dreaded, notch, new, features, expect",2021-09-05,2021-09-05,1
9163,"clean, fridge, dog, toys, spring, home, plates, cups",2021-09-07,2021-09-10,3
8397,"mayor, nelson mandela bay, car crash, crash, nmb, victim, identified, injured",2021-08-30,2021-09-02,6
9934,"facebook, report, apple, knows, instagram, kids, toxic, teens",2021-09-16,2021-09-19,5
8404,"afghanistan, us, taliban, afghan, kabul, biden, spokesman, country",2021-08-30,2021-09-05,33
9174,"sanral, embark, ceo, recruitment, drive, macozoma, term, comes",2021-09-07,2021-09-07,1
10199,"patient, kimberley, hospital, arrested, stabbing, doctors, water shortages, sahrc",2021-09-20,2021-09-24,3
10715,"blacks, boks, springboks, bok, springbok, win, rugby championship, nienaber",2021-09-27,2021-10-03,63
9950,"french, rugby, player, banned, calling, wp, junior, wing",2021-09-16,2021-09-16,1
10207,"west rand, unrestsa, anc, councillor, appears, charges, inciting, violence",2021-09-20,2021-09-23,2
10721,"netflix, international, viewers, times, likely, visit, sa, watching",2021-09-27,2021-09-28,2
8933,"trolley, traders, banned, pietermaritzburg, cbd",2021-09-06,2021-09-06,1
9704,"chief justice, khusela diko, presidency, evasive, new, khusela, diko, parole",2021-09-14,2021-09-14,1
8427,"sa, business, pandemic, workers, unrest, discovery, help, sun international",2021-08-30,2021-09-05,46
10220,"home affairs, pics, man, arrested, authorising, official, documents",2021-09-20,2021-09-20,1
10988,"cape town, vandalism, stalls, trains, northern, line",2021-09-29,2021-09-29,1
8686,"nuclear, safety, concerns, koeberg, unit, trips",2021-09-01,2021-09-01,1
8943,"south africa, fuelefficient, new, petrol, vehicles, buy, right",2021-09-06,2021-09-06,1
10743,"albert einstein, attracting, attention, meet, girl, hairraising, syndrome, opinion",2021-09-27,2021-10-02,2
9720,"reality show, activist, think, help, upcoming, causing, stir, documentary",2021-09-14,2021-09-16,2
8954,"arrested, suspects, robbery, house, kwazulunatal, gqeberha, vehicle, police",2021-09-06,2021-09-12,16
8959,"covid19, vaccine, coronavirus, us, cases, vaccinated, covid, sa",2021-09-06,2021-09-12,71
10497,"new, h1, know, hyundai, premium, sabound, staria, mpv",2021-09-23,2021-09-23,1
9738,"nicki minaj, twitter, tweets, vaccines, vaccine, swollen, testicles, covid vaccines",2021-09-14,2021-09-17,8
8460,"mtn, unit, rally, gives, ghana, bestperforming, stocks, africa",2021-08-30,2021-09-01,4
15,"watch, child, story, children, women, kids, dr, answers",2021-03-01,2021-08-28,749
9746,"lifesaving sa, tatum, botha, set, star, national, club, champs",2021-09-14,2021-09-17,2
8467,"coal, sa, energy, greenhouse gas emissions, jumped, years, medupi, kusile",2021-08-30,2021-09-04,5
11028,"murder, charges, dropped, activists, months, prison, abahlali basemjondolo, trio",2021-09-29,2021-09-30,2
8727,"violence, intimidation, cape, health, workers, closure, clinics, hardhitting",2021-09-02,2021-09-02,1
8729,"grandma, carries, grandchild, doctors, tell, daughter, pregnancy, kill",2021-09-02,2021-09-02,1
9242,"debt, eskom, masondo, proposes, govt, forgiven, exchange, climate",2021-09-08,2021-09-11,4
10266,"driving, seat, black, cricket, administrators, need, look, mirror",2021-09-21,2021-09-21,1
10522,"investec property fund, vacancies, stabilise, prime, joburg, spots, remain, headache",2021-09-23,2021-09-24,3
10267,"red bull, mercedes, verstappen, lewis hamilton, hamilton, f1, max, russian",2021-09-21,2021-09-26,16
10526,"n2, dead, durban, shooting, toll plaza, driver, trapped, headon",2021-09-23,2021-09-25,4
9763,"unique, les, twins, latest, collab, fusion, dance, motion",2021-09-15,2021-09-15,1
9255,"unvaccinated, cathay pacific, fires, aircrew, qantas, ban, travellers, international",2021-09-08,2021-09-09,2
9512,"andile lungisa, anc, overturns, suspension",2021-09-12,2021-09-12,1
10284,"sa, plans, power, coal, fossil fuels, investing, gas, needed",2021-09-21,2021-09-23,5
10541,"spot, fake, watch, look, misspelt, words, incorrect, logos",2021-09-23,2021-09-23,1
9522,"anc, opinion, party, comments, lessons, july, unrest, political party funding",2021-09-13,2021-09-18,13
10807,"correctional services, lamola, appoints, samuel, thobakgale, acting, national, commissioner",2021-09-27,2021-09-27,1
10297,"antivaxxers, vancouver, delayed, ambulance, carrying, bleeding, getting, hospital",2021-09-21,2021-09-21,1
9020,"leader, nfp, zanele, died, late, national freedom party, dies, obituary",2021-09-06,2021-09-11,8
10812,"elections 2021, town, cape town, da, housing, cape, affordable housing, de",2021-09-27,2021-09-30,4
9533,"questions, family, answers, burning, dubai, firing, warning, shots",2021-09-13,2021-09-19,8
9022,"europe, biggest, mullet, competition, stages, comeback, like, hairstyle",2021-09-06,2021-09-09,3
9025,"taiwan, chinese, military, aircraft, entered, airspace",2021-09-06,2021-09-06,1
9285,"watch, team, effort, snake, catcher, wife, rescue, female",2021-09-08,2021-09-08,1
9033,"cape town, city, residents, future, land, opens, housing, prasa",2021-09-06,2021-09-12,30
9290,"crime intelligence, rudderless, cop, spook, yolisa, mokgabudi, resigns, sevenmonth",2021-09-09,2021-09-09,1
10827,"digital vibes, report, siu, mkhize, health, siu report, ramaphosa, damning",2021-09-28,2021-10-02,32
1878,"driving, driving licence, know, j9, motorists, expired, renew, licences",2021-03-31,2021-08-27,25
8792,"george, claassen, cult, ignorance, endangers, fight, covid19",2021-09-02,2021-09-02,1
9049,"section 25, amendment, bill, opening, possibilities, find, common, ground",2021-09-06,2021-09-11,5
9565,"community, hall, pietermaritzburg, city, youth, centre, hill, week",2021-09-13,2021-09-18,34
94,"zuma, anc, ramaphosa, jacob zuma, zondo commission, concourt, court, nkandla",2021-03-01,2021-08-27,605
6764,"unrestsa, alleged, court, instigator, ngizwe mchunu, bail, violence, unrest",2021-07-19,2021-08-29,41
9838,"elon musk, musk, blue origin, nasa, awards, spacex, companies, r2bn",2021-09-15,2021-09-19,4
9854,"va, waterfront, continues, bleed, vaccine, delays, tourists, away",2021-09-15,2021-09-16,2
8832,"new zealand, extremist, supermarket, police, kill, stabbed, supermarkets, knives",2021-09-03,2021-09-05,3
8580,"drone attack, wounded, saudi, airport, coalition, saudi arabia, intercepts, missiles",2021-08-31,2021-09-05,3
10117,"sa, jobs, lost, tourism, govt, needs, sector, nigeria",2021-09-20,2021-09-25,15
10889,"pietermaritzburg, city, hall, traffic, officers, mayor, chaos, security",2021-09-28,2021-10-01,6
9101,"us open, djokovic, slam, final, lloyd harris, sa, rising, tennis",2021-09-07,2021-09-12,7
9360,"phonetography, tips, taking, pics, palmsized, device",2021-09-09,2021-09-09,1
9616,"zuma, concourt, court, medical parole, dear, mr, president, case",2021-09-13,2021-09-18,15
5010,"tax, sars, money clinic, need, pay, sa, explainer, know",2021-06-08,2021-08-28,32
9622,"watch, long, faces, duo, pull, drivethrough, vaccination, site",2021-09-13,2021-09-13,1
10135,"you, gclass, force, gurkha, 4x4, rugged, rough, offroad",2021-09-20,2021-09-25,4
9116,"probe, way, da, councillor, accused, racial, slur",2021-09-07,2021-09-07,1
8350,"opinion, anc, khumalo, gbv, crisis, state, bafana, elizabeth",2021-08-30,2021-09-03,10
8351,"anc, elections, ramaphosa, iec, candidates, concourt, electoral, application",2021-08-30,2021-09-04,34
8866,"sa, editorial, opinion, cant, men, leave, women, bodies",2021-09-04,2021-09-04,7
3495,"mkhwebane, hlophe, impeachment, case, public protector, court, jsc, concourt",2021-05-05,2021-08-28,82
8359,"babita deokaran, deokaran, murder, whistleblower, babita, whistleblowers, state, appear",2021-08-30,2021-09-04,18
9652,"bust, tambo, arrested, r40million, tik, customs, officers, seize",2021-09-13,2021-09-14,2
10681,"babita deokaran, exclusive, killer, government, day, job, got, paid",2021-09-27,2021-10-01,2
8892,"want, dead, activist, forced, hiding",2021-09-04,2021-09-04,1
8893,"spy, boss, cleared, salary, doubledipping",2021-09-04,2021-09-04,1
10180,"south africa, analysis, big, pension, gap, tax, base, right",2021-09-20,2021-09-22,2
10181,"rmi, discovery, remgro, recovery, momentum metropolitan, unbundle, stakes, momentum",2021-09-20,2021-09-23,4
8903,"9hectare, scottish, island, sale, million, filled, wildlife, people",2021-09-05,2021-09-05,1
9932,"podcast, boy, hanged, words, express, loss, child, father",2021-09-16,2021-09-17,5
10447,"sa, crypto, developer, fluffypony, released, custody, wants, come",2021-09-22,2021-09-22,1
10194,"cape town, city, debt relief, offers, debt, relief, arrears, extortion",2021-09-20,2021-09-24,4
10198,"red carpet, classic, evening, couture, gowns, reigned, supreme, emmy",2021-09-20,2021-09-21,2
10712,"watch, heartbroken, parents, set, run, marathon, memory, baby",2021-09-27,2021-09-27,1
8409,"killed, crash, pietermaritzburg, update, tragic, accident, children, pupils",2021-08-30,2021-09-05,14
8921,"opinion, anc, ramaphosa, siya, khumalo, lge2021, iec, opportunity",2021-09-06,2021-09-09,9
9434,"councils, slow lounge, comair, wants, sell, business, firstrand, sa",2021-09-10,2021-09-11,3
8668,"long covid, living, like, healthy, help, pregnant, experiencing, pain",2021-09-01,2021-09-04,10
9948,"higher education, watch, inside, africa, cannabis, academy",2021-09-16,2021-09-16,1
9696,"photos, iconic, moments, music, history, stories, 1970s, unpublished",2021-09-14,2021-09-15,2
9955,"jennifer aniston, doesnt, want, date, celebrity, desire, marry",2021-09-16,2021-09-16,1
8420,"rare, wildlife, benin, swamp, forest, risk, disappearing, red list",2021-08-30,2021-09-05,6
8944,"city power, eskom, hiding, r500k, board, fees, eskom files, city",2021-09-06,2021-09-06,2
10224,"france, uk, australia, submarine, contract, us, showing, anger",2021-09-20,2021-09-23,4
9459,"italy, warns, misuse, herpes, drug, covid19, treatment",2021-09-10,2021-09-10,1
8949,"miningrelated, deaths, cast, dark, shadow, companies, golden, cycle",2021-09-06,2021-09-07,2